gene,ihc_column,aggregation,n_fovs,n_cores,n_patients,pearson_r,pearson_p,spearman_r,spearman_p
PAX5,PAX5_Hscore,mean,51,34,20,0.21835352656098758,0.12372161212850982,0.1508782131417552,0.29058533300360795
CD19,CD19_Hscore,mean,62,41,24,-0.2541953675216059,0.04618676199939654,-0.059396293493846807,0.6465399547626736
PAX5,PAX5_Hscore,p90,51,34,20,0.14030857707313404,0.32608422699281997,0.012778221208910454,0.9290850759819964
CD19,CD19_Hscore,p90,62,41,24,-0.1582537627564394,0.21926268017050202,0.028228818555769586,0.8275897727497021
